{
  "nodes": [
    {"id": "1", "color": 1, "visited": 0},
    {"id": "2", "color": 1, "visited": 0},
    {"id": "3", "color": 1, "visited": 0},
    {"id": "4", "color": 1, "visited": 0},
    {"id": "5", "color": 1, "visited": 0},
    {"id": "6", "color": 1, "visited": 0},
    {"id": "7", "color": 1, "visited": 0},
    {"id": "8", "color": 1, "visited": 0},
    {"id": "9", "color": 1, "visited": 0},
    {"id": "10", "color": 1, "visited": 0},
    {"id": "11", "color": 1, "visited": 0},
    {"id": "12", "color": 1, "visited": 0},
    {"id": "13", "color": 1, "visited": 0},
    {"id": "14", "color": 1, "visited": 0},
    {"id": "15", "color": 1, "visited": 0},
    {"id": "16", "color": 1, "visited": 0},
    {"id": "17", "color": 1, "visited": 0},
    {"id": "18", "color": 1, "visited": 0},
    {"id": "19", "color": 1, "visited": 0},
    {"id": "20", "color": 1, "visited": 0}
  ],
  "links": [
    {"source": "1", "target": "15", "value": 1},
    {"source": "1", "target": "16", "value": 1},
    {"source": "1", "target": "2", "value": 1},
    {"source": "2", "target": "1", "value": 1},
    {"source": "2", "target": "3", "value": 1},
    {"source": "2", "target": "12", "value": 1},
    {"source": "3", "target": "8", "value": 1},
    {"source": "3", "target": "4", "value": 1},
    {"source": "4", "target": "5", "value": 1},
    {"source": "4", "target": "17", "value": 1},
    {"source": "5", "target": "6", "value": 1},
    {"source": "5", "target": "15", "value": 1},
    {"source": "6", "target": "7", "value": 1},
    {"source": "6", "target": "11", "value": 1},
    {"source": "7", "target": "8", "value": 1},
    {"source": "7", "target": "18", "value": 1},
    {"source": "8", "target": "9", "value": 1},
    {"source": "9", "target": "10", "value": 1},
    {"source": "9", "target": "14", "value": 1},
    {"source": "10", "target": "11", "value": 1},
    {"source": "10", "target": "19", "value": 1},
    {"source": "11", "target": "12", "value": 1},
    {"source": "12", "target": "13", "value": 1},
    {"source": "13", "target": "14", "value": 1},
    {"source": "13", "target": "20", "value": 1},
    {"source": "14", "target": "15", "value": 1},
    {"source": "16", "target": "20", "value": 1},
    {"source": "16", "target": "17", "value": 1},
    {"source": "17", "target": "18", "value": 1},
    {"source": "18", "target": "19", "value": 1},
    {"source": "19", "target": "20", "value": 1}
  ]
}
